abstrak,judul,penulis,url
"Penelitian ini bertujuan untuk mengetahui bagaimana proses penerimaan ibu pada anak kandung yang diadopsi orang lain dan akan diungkap melalui beberapa tahapan penerimaan diri. Penelitian ini menggunakan pendekatan kualitatif (studi kasus) terhadap satu subjek penelitian yang dipilih secara purposive sampling. Metode pengumpulan data menggunakan wawancara semi terstruktur, yang dianalisismenggunakan teknik Miles dan Huberman. Keabsahan data menggunakan teknik triangulasi sumber. Hasil dari penelitian ini menunjukkan bahwa subjek mengalami beberapa tahapan penerimaan diri sebelum pada akhirnya subjek bisa lebih menerima masalah yang menimpanya. Meskipun demikian, masih ada perasaan-perasaan negatif yang sebelumnya tidak bisa hilang sempurna. Seperti perasaan khawatir, sedih ketika melihat anak dan menangis saat diwawancarai karena teringat dengan peristiwa dulu saat suaminya dengan tega memberikan anak yang baru lahir pada orang lain yang tidak ia ketahui identitasnya. Keberhasilan subjek dalam menerima masalahnya saat ini dipengaruhi oleh beberapa faktor, seperti memiliki pemahaman yang baik terhadap diri sendiri dan orang lain, tidak memiliki hambatan dalam lingkungan termasuk di dalamnya adalah dukungan sosial untuk mencapai kesuksesan dan tidak adanya deskriminasi dalam lingkungan. Faktor lain yang mendukung adalah memiliki pandangan yang positif terhadap orang lain dan dengan memiliki anak kembali, bisa sedikit mengobati rasa kehilangan yang subjek rasakan selama ini. Meskipun demikian subjek masih tetap berusaha untuk memperhatikan dan membantu memenuhi kebutuhan anak yang diadopsi tersebut.
Kata Kunci : Penerimaan, Ibu, Adopsi",Proses Penerimaan Ibu Pada Anak Kandung Yang Diadopsi Orang Lain,Hetty Irawati,https://pta.trunojoyo.ac.id/welcome/detail/140541100017
"Lomba “tennongan” merupakan suatu permainan kuno yang sudah biasa
dimainkan dari generasi ke generasi. Di kabupaten sumenep lomba layanglayang memiliki istilah yang dapat dibilang sangat unik di desa kalianget lomba
layang-layang disebut dengan istilah “tennongan” setiap tahunnya selalu
diadakan lomba layang-layang tepatnya pada musim kemarau dan layang-layang
yang diperlombahkan berukuran sangat besar, pesertanya berasal dari semua
lapisan masyarakat dan tidak jarang pula banyak peserta yang berasal dari
berbagai desa yang ada di kota sumenep mereka berbondong-bondong
mendatangi lokasi lomba untuk mempertarungkan layang-layang miliknya, lomba
layang-layang ini diadakan untuk dijadikan hiburan pelepas penat selama
seharian beraktifitas dan salah satu sarana untuk dapat mempereret silaturrahmi
antar warga dari lain desa.
Namun sangat amat disayangkan perlombaan layang-layang saat ini disalah
artikan dan disalah gunakan oleh masyarakat yang buta akan suatu aturan
hukum, mereka tidak hanya menjadikan lomba “tennongan” sebagai suatu seni
budaya namun mereka juga menyulap arena lomba ini menjadi lahan bisnis bagi
dirinya, mereka melakukan perbuatan yang dilarang agama dan hukum berupa
memasang uang taruhan pada saat perlombaan padahal suda jelas bahwa suatu
perbuatan judi dilarang dalam agama dan negara bahkan panitia pelaksanaan
lomba sudah mengatur ketentuan ini dalam perlombaan bahkan tidak segan
memberikan ancaman keras „barangsiapa yang melakukan perjudian berupa
taruhan tidak segan akan dilaporkan kepada pihak yang berwajib untuk
memberikan suatu pelajaran dan efek jerah” namun pernyataan panitia dianggap
angin lalu, mererka melakukan perjudian ini secara sembunyi-sembunyi.bahkan
ketentuan pasal 303 bis KUHP MENEGASKAN SECARA JELAS perbuatan judi
berupa apapun dilarang oleh negara siapa yang melanggar dan ketahuan akan
dikenakan sanksi pidana sebagai mana mestinya
Kata Kunci : tennongan, layang-layang, penegakan hukum","PENEGAKAN HUKUM TERHADAP PERJUDIAN YANG MENYERTAI
LOMBA LAYANG-LAYANG “TENNONGAN” DI KABUPATEN
SUMENEP",RIKA FEBRIYANTI W,https://pta.trunojoyo.ac.id/welcome/detail/120111100076
"Penelitian ini bertujuan untuk mengetahui apakah terdapat perbedaan hardiness guru honorer ditinjau dari jenis kelamin di Kabupaten Pamekasan. Penelitian ini menggunakan metode kuantitatif dengan teknik pengambilan sampel menggunakan Quota Incidental Sampling. Jumlah sampel dalam penelitian ini sebanyak 100 orang, dimana setiap kelompok responden diambil sebanyak 50 orang guru honorer laki-laki dan perempuan yang mengajar di sekolah negeri di kabupaten Pamekasan dan  berusia 22 hingga 33 tahun. Untuk mengumpulkan data menggunakan skala Hardiness, yang terdiri dari tiga aspek yakni control, commitment, dan challenge). Analisis data dalam penelitian ini menggunakan statistik
parametrik dengan uji independent sample t-test  yang dilakukan dengan bantuan program SPSS 16.0 Statistic for Windows. Berdasarkan hasil analisis data
diperoleh nilai t sebesar 1.340 (p=0.183) atau p>0.05, yang artinya
tidak terdapat perbedaan hardiness pada guru honorer ditinjau dari jenis kelamin. Adapun setelah dilakukan uji deskriptif kedua kelompok responden maka data dikategorisasikan kedalam 3 kategori yang mana pada kelompok guru honorer laki-laki yang memiliki nilai hardiness rendah sebesar 18%, sedang 70%, rendah sebesar 8%. Sedangkan pada guru honorer perempuan yang memiliki nilai hardiness rendah 18%, sedang sebesar 66%, dan tinggi sebesar16%. 
",perbedaan hardiness pada guru honorer ditinjau dari jenis kelamin,millatul islamiyah,https://pta.trunojoyo.ac.id/welcome/detail/130541100130
"Penelitian ini bertujuan untuk mengetahui konflik interpersonal remaja putri yang melakukan masturbasi dalam berpacaran. Metode penelitian yang digunakan adalah metode penelitian kualitatif dengan pendekatan fenomenologi. Pengambilan sampel menggunakan purposive sampling. Teknik pengumpulan data menggunakan wawancara semi terstruktur. Analisis data yang digunakan yaitu Miles dan Huberman dan triangulasi sumber sebagai keabsahan data. Hasil dari penelitian ini dapat ditinjau dari aspek-aspek konflik interpersonal. Yaitu An Expressed Struggle konflik terjadi ketika mengkomunikasikan perbedaan persepsi dengan orang lain serta konflik dapat terjadi karena ada peristiwa pemicu. Remaja putri mengkomunikasikan masalah yang dialami kepada pacarnya namun tidak diperdulikan. Terjadi pertengkaran antara remaja putri dengan pacarnya ketika membahas masturbasi. Interdependent konflik terjadi pada pihak-pihak yang saling bergantung yang ditandai dengan aktivitas dan kepentingan yang sama. Remaja putri merasa bergantung terhadap pacarnya karena sebagai remaja yang jauh dari orang tua menuntutnya untuk menghadapi masalah sendirian, dengan adanya sosok pasangan membuat remaja putri merasa nyaman. Perceived Incompatible Goal konflik terjadi karena ada ketidak sesuaian tujuan diantara pihak-pihak yang saling berkonflik. Remaja perempuan ingin berhenti melakukan masturbasi dan ingin sekali berpacaran sehat seperti orang lain. Perceived Scarce Resources konflik terjadi apabila seseorang merasakan langkanya atau berkurangnya sumber daya seperti cinta, penghargaan, serta harga diri. Setelah terjadi perselisihan pacarnya justru semakin keras kepala dan emosian. Remaja perempuan merasa tidak di hargai lagi. Interference yaitu konflik terjadi apabila seseorang merasa terganggu dengan tindakan orang lain dan merasa kepentingannya dihalangi oleh orang lain. Remaja perempuan ingin meminta putus pada pacarnya. Pacarnya menolak dan mengancam akan menyebarkan aib mereka ke sosial media dan lingkungan sekitar.
Kata kunci : Konflik interpersonal, Remaja, Masturbasi, Pacaran
Daftar Pustaka : 42 (1980-2018)",Konflik Interpsersonal Remaja Putri Yang Melakukan Masturbasi Dalam Berpacaran,Kiprin Ayu Wulandari,https://pta.trunojoyo.ac.id/welcome/detail/140541100023
"Penelitian ini bertujuan untuk mengetahui bagaimana gambaran self disclosure remaja putri yang melakukan seks pranikah kepada pasangan barunya. Terdapat 2 subjek dalam penelitian ini yang memiliki karakteristik tertentu yaitu : peneliti menggunakan  remaja putri yang pernah melakukan hubungan seksual pranikah yang telah putus dan memiliki pasangan baru, remaja putri yang telah menjalin hubungan dengan pasangan baru minimal 3 bulan dan seorang remaja putri dengan usia 17-25 tahun. Metode penelitian ini menggunakan kualitatif fenomenologis. Metode pengumpulan data menggunakan wawancara semi terstruktur. Subjek dipilih dengan menggunakan metode purposive sampling. Analisis data menggunakan Miles dan Huberman. Teknik keabsahan data menggunakan triangulasi waktu. Berdasarkan hasil penelitian yang dilakukan peneliti untuk mengetahui gambaran self disclosure remaja putri yang melakukan seks pranikah kepada pasangan barunya ada 5 dimensi. Pertama ukuran yaitu remaja melakukan pengungkapan diri dengan menceritakan secara detail kejadian ketika melakukan hubungan seksual. Kedua valensi, remaja putri secara umum mengungkapkan diri dalam keadaan dan situasi yang menyenangkan. Ketiga kecermatan dan kejujuran, remaja putri bisa mengenal dirinya sendiri dengan mengetahui kelebihan dan kekurangannya, juga bisa menyelesaikan masalahnya jika teringat akan masa lalunya. Keempat  maksud dan tujuan, remaja putri mengungkapkan statusnya bertujuan ingin pasangan menerimanya apa adanya dan meringankan beban dalam dirinya. Kelima keakraban, remaja putri menceritakan kepada pasangan dan juga teman dekatnya dengan alasan untuk meringankan beban dirinya.
Kata Kunci : Self Disclosure, Remaja, Seks Pranikah",Self Disclosure Remaja Putri yang Melakukan Hubungan Seks Pranikah Kepada Pasangan Barunya,Julia Sindhy Handayani,https://pta.trunojoyo.ac.id/welcome/detail/140541100064
"Dengan semakin meningkatnya omzet transaksi e-commerce, membuat pemerintah lebih fokus dalam merumuskan aturan di bidang perpajakan. Tujuan penelitian ini adalah untuk mengetahui pengenaan Pajak Penghasilan terhadap merchant pada online marketplace dan mengetahui pendapat pelaku e-commerce online marketplace mengenai Pajak Penghasilan. Penelitian ini menggunakan desain penelitian kualitatif deskriptif dengan format studi kasus dan menggunakan metode wawancara. Berdasarkan hasil penelitian, diperoleh kesimpulan bahwa Pengenaan Pajak Penghasilan terhadap transaksi e-commerce diperlakukan sama seperti halnya pada transaksi konvensional dalam Surat Edaran Nomor SE/62/PJ/2013. Pajak Penghasilan pada Wajib Pajak UMKM sesuai dengan PP Nomor 23 Tahun 2018 dikenakan tarif pajak final 0,5 persen dikalikan dengan total omzet setiap bulan. Saat ini pemerintah masih mengalami kesulitan dalam menemukan objek pajak di luar online marketplace dan belum adanya aturan yang secara khusus dan detail mengatur tentang perpajakan e-commerce. Pelaku e-commerce memiliki tingkat kesadaran yang masih rendah yang diakibatkan rumitnya prosedur pajak. Di Shopee terdapat fitur Penghasilanku yang dapat digunakan oleh pengusaha online untuk memudahkan penghitungan omzet sebagai dasar pengenaan pajak. Pelaku e-commerce banyak yang belum mengetahui adanya aturan ini, sehingga saran bagi Direktorat Jenderal Pajak adalah lebih giat dalam melakukan sosialisi dan perlu bekerjasama dengan online marketplace di Indonesia untuk mengembangkan sistem pelacakan transaksi online.",PAJAK PENGHASILAN BAGI MERCHANT PADA ONLINE MARKETPLACE,ANIS FITRAH ABADI,https://pta.trunojoyo.ac.id/welcome/detail/140221100078
"Abstrak
Erone Maretya Ardian 140521100015. Program Studi Sosiologi. ( Pertukaran Sosial di Balik Warung Kopi Klubuk Desa Sukodadi, Kecamatan Kabuh, Kabupaten Jombang). 
 Tujuan penelitian ini adalah untuk mengetahui dan menggambarkan bagaimana proses pertukaran sosial yang terjadi antara PSK dan pelanggan warung kopi Klubuk yang ada di Desa Sukodadi, Kecamatan Kabuh, Kabupaten Jombang. Disisni di jelaskan secara mendalam bagaimana kegiatan pertukaran sosial yang terjadi oleh PSK dan pelanggan. Dan bagaimana cara menarik pelanggan, bagaimana proses pertukaran sosial dan proses pertukaran ekonomi dengan menggunakan anlisa teori pertukaran sosial George C Homans mengenai pertukaran sosial.
 Metode yang di gunakan dalam penelitian ini yaitu metode kualitatif dengan pendekatan studi kasus. Informan yang di gunakan peneliti ini menggunakan purposive sampling. Sumber data menggunakan data primer dan data sekunder. Teknik penggumpulan data menggunakan observasi,wawancara semi tersruktur serta di dukung oleh dokumntasi penelitian. Analisis data menggunakan teknik Milles dan Huberman yaitu terdiri atas tiga tahap antara lain reduksi data, penyajian data, penarikan kesimpulan. Serta teknik pemeriksaan keabsahan data menggunakan triangulasi sumber.
 Hasil penelitian menunjukan bahwa pertukran sosial yang terjadi antara PSK dengan pelanggan warung kopi Klubuk memilki kehidupan yang layaka seperti manusia yang lain, hanya saja mereka bekerja sebagai wanita malam atau menjual dirinya kepada lelaki hidung belang. Jika di lihat dari teori pertukan sosial yang di kemukan oleh Homans memilki banyak asumsi antara lain asumsi nilai, asumsi sukses, asumsi rasinalitas dan asumsi kejemuhan. Dimana asumsi nilai dapat di lihat jika PSK member pelayaan yang enak dan nyaman maka PSK layak mendpatkan nilai lebih dari pelanggan baik nilai secara ekonomi mapun nilai secara sosial, asumsi sukses di lihat jika pelanggan yang berkencan dengan PSK lalu PSK memberi pelyanandengan puas maka PSK itu sudah suskses mebuat pelanggan datang terus dan menjadi pelanggan tetap maka PSK dapat nilai tersendri berupa tips uang lebih, asumsi rasional PSK juga bisa memiliki alasan tersendiri menggapa mereka memlih pekrajaan seperti itu hal ini PSK berfikir untuk menymbung hidup di hari esok, asumsi kejemuhan PSK disini jug merasa jenuh dengan pekerjaan yang di jalaninya karena pekerjaan ini bnayak resikonya di antara lain terserah penyakit kelamin serta di juliki sebagai wanita nakal disisis lain psk juga ingin berhenti dari pekerjaanya dan mencari pekerjaan yang hala dan tidak banyak resiko dan juga di pandang bauk bagi masyrakat dan Tuhan.

Kata kunci: Pertukaran Sosial, Pekerja Seks Komersial, Pelanggan di Warung Kopi Klubuk.
","PERTUKARAN SOSIAL DI BALIK PROSTITUSI 
WARUNG KOPI KLUBUK (Studi Kasus di Desa Sukodadi, Kecamatan Kabuh, Kabupaten Jombang)",ERONE MARETYA ARDIAN,https://pta.trunojoyo.ac.id/welcome/detail/140521100015
"KUALITAS HIDUP JANDA LANSIA YANG TIDAK MEMILIKI ANAK

Milla Mardlotillah
dr. Siti Nurfitria
Program Studi Psikologi
Jurusan Ilmu Sosial dan Ilmu Budaya
Fakultas Ilmu Sosial dan Ilmu Budaya
Universitas Trunojoyo Madura
millamarllah@gmail.com 

ABSTRAK
Penelitian ini bertujuan untuk mengetahui gambaran kualitas hidup janda lansia yang tidak memiliki anak. Pendekatan dalam penelitian ini menggunakan metode penelitian kualitatif  jenis penelitian studi kasus dan menggunakan teknik purposive sampling. Metode dalam pengambilan data dalam penelitian ini menggunakan wawancara semi terstruktur dengan teknis analisis data Miles dan Huberman, dan triangulasi sumber sebaga uji keabsahan data. Hasil penelitian ini menunjukkan bahwa kualitas hidup janda lansia yang tidak memiliki anak dapat dilihat dari empat aspek, yang pertama aspek kesehatan fisik yaitu beraktivitas ringan sehari-hari, mengurangi aktivitas yang dapat menurunkan kondisi kesehatan, tidur cukup agar memiliki kualitas hidup yang baik, serta mengkonsumsi obat tradisional yang diracik sendiri untuk menjaga kondisi kesehatan fisik dan pergi ke dokter jika dirasa sakit sudah semakin parah agar segera mendapat penanganan yang tepat. Kedua aspek psikologis yaitu janda lansia mengalami kesepian karena merasa kehilangan orang terpenting dalam hidupnya, meski begitu janda lansia tetap semangat dalam menjalani hidup dan lebih banyak melakukan hal untuk mengurangi perasaan kesepiannya. Sedangkan yang ketiga Aspek Hubungan sosial yaitu janda lansia lebih banyak berhubungan dengan orang-orang di sekitarnya dan menjaga komunikasi dengan lingkungan, janda lansia juga dengan aktif melibatkan diri dalam kegiatan yang ada di lingkungan. Dan yang keempat aspek lingkungan yaitu janda lansia secara aktif melibatkan diri dalam kegiatan pengembangan yaitu pengajian atau yasinan serta rekreasi ziarah kubur ke wali songo dimana transport dari ziarah ini menggunakan dana dari tabungan setiap minggunya setiap pertemuan dalam pengajian.

Kata kunci: Kualitas hidup, Janda lansia
Daftar pustaka: 33 (1994-2017)",Kualitas Hidup Janda Lansia yang Tidak Memiliki Anak,Milla Mardlotillah,https://pta.trunojoyo.ac.id/welcome/detail/140541100119
"Istri yang memiliki suami tunadaksa (pasca kecelakaan) memiliki beberapa tanggung jawab dan peran bagi keluarga cenderung berakibat negatif pada kecemasan dan penyesuaian dalam pernikahan yang akhirnya akan berpengaruh pada kepuasan pernikahan. Penelitian ini bertujuan mengungkap gambaran kepuasan pernikahan pada istri yang memiliki suami tunadaksa fisik (pasca kecelakaan). Metode penelitian yang digunakan adalah metode penelitian kualitatif dengan pendekatan studi kasus. Pengambilan sampel menggunakan purposive sampling dengan beberapa kriteria diantaranya: wanita yang menikah dengan pria tunadaksa (pasca kecelakaan), istri juga bekerja, dan usia pernikahan minimal 3 tahun. Pengumpulan data menggunakan wawancara semi terstruktur. Analisis data yang digunakan yaitu Miles dan Huberman dan triangulasi sumber sebagai keabsahan data. Hasil dari penelitian ini menunjukkan kebutuhan material istri yang memiliki beban tanggung jawab dan beberapa peran dalam keluarga terpenuhi secara stabil, meskipun belum memiliki tempat tinggal secara mandiri. Pada kebutuhan seksual subjek pertama belum merasakan kepuasan karena tidak ada keseimbangan dalam berhubungan, sedangkan subjek kedua sudah merasakan kepuasan. Pada kebutuhan psikologis kedua subjek sudah terpenuhi karena suami subjek mampu menjadi sahabat, teman bercerita, dan bisa menghibur subjek ketika menghadapi masalah. Meskipun memiliki suami tunadaksa dengan berbagai macam masalah dalam pemenuhan ketiga komponen tersebut namun istri tetap merasakan kepuasan pernikahan.

Kata kunci : Kepuasan Pernikahan Istri, Suami Tunadaksa, Pasca-kecelakaan
",Kepuasan Pernikahan Pada Istri Yang Memiliki Suami Tunadaksa (Pasca Kecelakaan),Ira Yulyana,https://pta.trunojoyo.ac.id/welcome/detail/140541100050
"Penelitian ini bertujuan untuk mengetahui gambaran kecemasan pada pasien penderita gastritis kronis di RSUD Dr. H. Moh. Anwar. Penelitian ini menggunakan metode penelitian kualitatif dengan pendekatan studi kasus pada dua pasien penderita gastritis kronis. Pengambilan sampel menggunakan purposive sampling dengan beberapa kriteria seperti; a) pasien yang menderita gastritis kronis di RSUD Dr. H. Moh. Anwar, b) rentang usia 45 – 50 tahun, dan c) mengalami ketakutan dan kecemasan. Teknik pengumpulan data menggunakan wawancara semi terstruktur dengan analisis data menggunakan Miles dan Huberman. Uji keabsahan data menggunakan triangulasi sumber. Hasil penelitian kecemasan pada pasien penderita gastritis kronis dapat ditinjau dari aspek-aspek kecemasan yaitu; 1) aspek somatik, hasilnya pasien penderita gastritis kronis mengalami kesulitan tidur, detak jantung yang lebih cepat dari biasanya, disertai dengan sesak nafas dan keringat dingin. 2) aspek kognitif, hasilnya pasien penderita gastritis kronis cenderung berpikir buruk mengenai masa depannya seperti akan meninggal dan merasa frustrasi terkait pengobatan yang sedang dijalani. 3) aspek emosi, hasilnya suasana hati pasien penderita gastritis kronis mudah berubah, lebih sensitif, sering menyalahkan diri sendiri, dan cenderung temperamental dalam menghadapi suatu masalah. 4) aspek perilaku, hasilnya pasien penderita gastritis kronis cenderung memiliki perilaku menghindar dan lebih senang menyendiri.",Gambaran Kecemasan Pada Pasien Penderita Gastritis Kronis di RSUD Dr. H. Moh. Anwar,Sukmawati Suaedy,https://pta.trunojoyo.ac.id/welcome/detail/140541100125
"Tujuan penelitian ini adalah untuk mengetahui bentuk komunikasi internal dan eksternal dalam menjaga identitas. Manfaat dari penelitian ini diharapkan dapat memberikan kontribusi terhadap kajian ilmu komunikasi khususnya terkait dengan kajian Studi Deskriptif Kualitatif Performance Komunikasi Komunitas Reggae Dalam Menjaga Identitas dan dapat dijadikan sebagai bahan pertimbangan sumber refrensi bagi peneliti selanjutnya. Jenis penelitian menggunakan metode deskriptif kualitatif. Dalam proses pengumpulan data, peneliti menggunakan observasi dan wawancara serta didukung dengan dokumentasi. Informan dipilih menggunakan metode purposive sampling. Teknik analisis data menggunakan model analisis deskriptif. Teknik pemeriksaan keabsahan data menggunakan trigulasi sumber. Hasil penelitian menunjukan bahwa komunitas reggae Bangkalan telah terjadi aktivitas komunikasi yang terdiri dari tiga macam yaitu; kegiatan komunikasi didalam kelompok (internal), kegiatan komunikasi diluar kelompok (eksternal) dan kegiatan tahunan. Kemudian, anggota kelompok juga mengekspresikan diri dengan cara face negosiasi terhadap budaya islam dan budaya reggae dalam hal atribut, bahasa, sejarah, pengalaman, perilaku, pakaian dan penampilan yang bertujuan untuk menjaga identitas komunitas reggae Bangkalan.
Kata kunci: kinerja, komunikasi internal, komunikasi eksternal, identitas.
",PERFORMANCE KOMUNIKASI DALAM MENJAGA IDENTITAS KOMUNITAS REGGAE BANGKALAN (STUDI DESKRIPTIF KUALITATIF),FARIS ALKOMI,https://pta.trunojoyo.ac.id/welcome/detail/130531100158
"Penelitian ini dilakukan untuk menguak praktik penentuan harga jual kasur nomor dua super pada usaha home industry kasur di Desa Kranggan Barat. penelitian ini menggunakan jenis riset kualitatif dengan metode fenomenologi. Informan penelitian di sini ada tiga yaitu infroman utama merupakan pemilik usaha home industry kasur Hj. Khodijah, sedangkan informan pendukung yaitu karyawan, pelanggan dan tetangga dari informan utama. Fokus penelitian ini dilakukan pada usaha home industry kasur yang berada di Desa Kranggan Barat Kecamatan Tanah Merah Kabupaten Bangkalan. Hasil penelitian menunjukkan bahwa terdapat kesamaan konsep teori dalam ilmu akuntansi biaya ataupun akuntansi manajemen, yaitu berupa biaya bahan pokok produksi dalam praktek penentuan harga jual dan menentukan keuntungan yang diharapkan menggunakan perhitungan marjin kontribusi. Selain itu pula Hj. Khidijah memperlakukan harga jual yang berbeda-beda kepada setiap pembelinya.
Setelah melakukan tapak tilas secara mendalam, maka peneliti menemukan nilai tolong menolong dalam penentuan harga jual pada usaha home industry kasur Hj. Khodijah. Hal tersebut terwujud ketika pemilik usaha home industry memberikan potongan kepada pelanggan yang akan dijual kembali agar sama-sama mendapatkan untung, tetangga yang mempunyai hajat nikahan supaya bisa meringankan bebannya serta kepada kerabatnya sendiri karena ada ikatan sosial
",Penentuan Harga Jual Tolong Menolong: Studi Fenomenologi Pada Usaha Home Industry Kasur Di Desa Kranggan Barat,Mahmud Isma'il,https://pta.trunojoyo.ac.id/welcome/detail/140221100113
"Tujuan dari penelitian ini adalah untuk mendeskripsikan feminisme yang terdapat dalam Film ‘Wonder Woman’ serta untuk mengetahui makna yang tersirat dari feminisme tersebut. Penelitan ini menggunakan metodologi kualitatif dan deskriptif serta metode analisis semiotika Roland Barthes. Analisis semiotika Roland Barthes mencakup denotasi (makna sebenarnya) dan konotasi (makna ganda, yang lahir dari pengalaman kultural dan personal). Analisis penelitian ini berpokok pada elemen-elemen naratif film, seperti ruang dan waktu, tokoh, konflik, dan tujuan.
Film yang di Sutradarai oleh Patty Jenkins ini menggambarkan tentang seorang Superhero wanita yang berjuang untuk menumpas kejahatan di dunia, mempunyai kekuatan fisik lebih dari seorang laki-laki, memiliki pemikiran untuk dapat mengambil keputusannya sendiri, dapat bekerja sama dengan orang lain, berkemauan keras dan berhasrat tinggi untuk mencapai suatu tujuan yang pasti sehingga ia dapat mencapai identitas dirinya. Hal ini dapat memberikan pembelajaran kepada laki-laki maupun perempuan, bahwasannya perempuan juga dapat memiliki kemampuan bak laki-laki, tidak melulu tentang konstruksi masyarakat yang mengatakan perempuan itu lemah.
Wonder Woman adalah perempuan yang monoandrogini, yaitu dimana ia menunjukkan karakter yang feminin dan maskulin pada saat yang bersamaan. Cantik, polos, penyayang, berhasrat kepada lawan jenis, dapat jatuh cinta seperti perempuan pada umumnya. Namun di waktu yang sama juga agresif, dapat memimpin, bersaing, dan dapat mengemban tanggung jawab untuk kepentingan orang banyak layaknya laki-laki.


Kata Kunci: Feminisme, Film, Wonder Woman, Komunikasi Gender, Semiotika Roland Barthes

",FEMINISME PADA TOKOH DIANA DALAM FILM WONDER WOMAN (KOMUNIKASI GENDER DENGAN METODE SEMIOTIKA ROLAND BARTHES).,RETNO INDRIYANI,https://pta.trunojoyo.ac.id/welcome/detail/140531100055
"       Trading forex merupakan pertukaran atau perdagangan mata uang yang satu dengan yang lain dengan transaksinya yang berbasiskan internet, yang mana dalam transaksi trading forex terdapat dua jenis transaksi dasar yaitu Buy (beli) dan sell (jual). Kegiatan transaksi trading forex dapat dilakukan dimana saja asalkan terdapat internet dan perangkat keras yang memadai, karena dari pihak pialang (broker) telah menyediakan aplikasi trading, sehingga investor tidak perlu datang ke kantor pialang (broker). Adanya metode transaksi yang simpel tersebut tidak menutup kemungkinan jika pialang melakukan perbuatan yang dapat merugikan investor. Telebih lagi jika perusahaan tersebut dicabut izin usahanya sebelum investor mendapatkan kembali modal yang telah di investasikan. Oleh karena itu, dalam penelitian ini dibahas tentang ganti rugi untuk investor atas dicabutnya izin usaha perusahaan, dan upaya hukum yang dapat dilakukan oleh investor untuk mendapatkan modalnya.
       Metode penelitian yang digunakan dalam penelitian ini yaitu metode penelitian hukum normatif. Adapun metode pendekatan yang digunakan yaitu metode pendekatan perundang undangan (statue Approach)
       Hasil dari penelitian ini pertama, batas maksimal ganti rugi investor dibayar sebesar nilai kerugian, berdasarkan PP No. 49 Tahun 2014 Tentang Penyelenggaraan Perdagangan berjangka komoditi. Kedua, batas maksimal pengembalian dana investor hanya 80% dari dana minimum yang dihimpun oleh bursa berjangka berdasarkan Peraturan kepala BAPPEBTI Nomor 115/BAPPEBTI/PER/03/2015 Tentang Tata Cara Penggunaan Dana Kompensasi. Upaya hukum yang dapat dilakukan oleh investor forex jika dana ganti rugi iridak sesuai dengan PP No. 49 Tahun 2014 Tentang Penyelenggaraan Perdagangan Berjangka Komoditi yaitu melalui musyawarah mufakat, mediasi, dan pengadilan negeri.

Kata kunci: investor-trading forex- pencabutan izin usaha- ganti rugi- upaya hukum
",PENGEMBALIAN DANA INVESTOR TRADING FOREX ATAS PENCABUTAN IZIN USAHA PERUSAHAAN BERDASARKAN PERATURAN PEMERINTAH NOMOR 49 TAHUN 2014 TENTANG PENYELENGGARAAN PERDAGANGAN BERJANGKA KOMODITI,MISBAHUL MUNIR,https://pta.trunojoyo.ac.id/welcome/detail/140111100210
"ABSTRAK

Shelly Kusuma Dewi. NIM. 140531100046. Program Studi Ilmu Komunikasi. FAMILY ELATIONSHIP KELUARGA PEMULUNG WANITA (Studi Komunikasi Antarpribadi pada Keluarga Pemulung Wanita). 
Pembimbing : Netty Dyah Kurniasari, S.Sos., M.Med.Kom

Tujuan dari penelitian ini adalah untuk mengetahui bagaimana pengalaman komunikasi dalam family relationship dalam keluarga pemulung wanita. Subjek dari penelitian ini  adalah ibu-ibu yang berprofesi sebagai pemulung dengan kriteria yang sudah ditentukan. Penelitian ini bertempat di sekitar kota Bangkalan. Penelitian ini menggunakan metode penelitian deskriptif kualitatif. Metode pengumpulan data dalam penelitian ini menggunakan observasi, wawancara, dan juga dokumentasi. Informan dipilih dengan menggunakan teknik snowball sampling. Teknik pemeriksaan data menggunakan triangulasi sumber dan metode. Hasil dari penelitian ini menunjukkan bahwa komunikasi antarpribadi yang terjalin dalam kehidupan pemulung baik itu dengan keluarga, dengan sesasama pemulung, maupun dengan masyarakat sekitar berlangsung dengan baik. Motif-motif yang membuat mereka memilih untuk menjadi pemulung adalah  motif ekonomi, motif pendidikan, motif kebebasan, serta motif membantu suami. Family relationship yang terjadi dalam keluarga pemulung wanita di Bangkalan berlangsung dengan baik. Keluarga mereka bisa menerima apapun pekerjaan yang mereka lakukan selama itu halal. Meskipun harus bekerja sebagai pemulung, namun para pemulung wanita ini tetap menjalankan tugas utama mereka sebagai seorang ibu yang harus mengurus keluarganya di rumah. Pekerjaan sebagai pemulung yang fleksibel, memungkinkan mereka untuk memiliki kebebasan dalam bekerja. Jadi, mereka bisa melakukan pekerjaan sesuai dengan kehendak mereka sendiri. Apabila keluarga membutuhkan mereka, maka mereka bisa dengan mudah untuk segera pulang ke rumah meski dalam posisi masih sedang bekerja. Mereka selalu mempunyai waktu bebasnya.

Kata kunci : komunikasi, komunikasi antarpribadi, hubungan keluarga, pemulung.
",Family Relationship Keluarga Pemulung Wanita (Studi Komunikasi Antarpribadi pada Keluarga Pemulung Wanita),Shelly Kusuma Dewi,https://pta.trunojoyo.ac.id/welcome/detail/140531100046
"Anggaran dana desa merupakan dana yang diperoleh oleh pemerintah desa untuk digunakan kepentingan masyarakat, meningkatkan perekonomian masyarakat, anggaran dana desa juga dapat digunakan untuk pembentukan BUMDes yang memiliki tujuan untuk kemajuan masyarakat desa, BUMDes ini sudah seharusnya dikelola dengan baik mengingat anggaran yang digunakan merupakan anggaran dana desa yang salah satunya berasal dari sumbangan masyarakat, namun saat ini masih banyak BUMDes yang hanya sekedar dibentuk namun tidak dikelola dengan baik dan ada juga yang hanya ingin mendapatkan Anggaran dana untuk pembentukan BUMDes saja, sehingga perlu adanya pengawasan yang lebih baik lagi, perlu adanya pertanggngjawaban ang lebih baik lagi untuk kesejahteraan masyarakat.
Penulisan Skripsi terkait persoalan diatas tersebut adalah menggunakan metode penelitian normative yaitu dengan mengkaji aturan- aturan yang berlaku dan berkaitan dengan Pemerintah Desa, Anggaran Dana Desa, Badan Usaha Milik Desa,serta Pertanggungjawaban bagi pelaksanaan dan pengawasan BUM Desa.
Adapun hasil dari penelitian ini menunjukkan bahwa Anggaran Dana Desa dapat diperoleh dari APBN, APBD, Pajak Daerah, Retribusi Deaerah dan sumbangan masyarakat, pengelolaan Angggaran Dana Desa ini dapat digunakan untuk pembentukan BUMDes yang bertujuan untuk meningkatkan kesejahteraan masyarakat, perekonomian masyarakat. Kemudian masih banyak aparat pemerintah desa yang tidak mengelola BUMDes ini sesuai dengan amanat peraturan Peundang Undangan, sehingga perlu adanya peningkatan dalam hal pengawasan dan pertanggungjawaban terhadap pengelolaan BUMDes. 

Kata kunci : Pemerintah Desa - Anggaran Dana Desa - Badan Usaha Milik Desa - Pengawan dan Pengelolaan Dana Desa 
",PERAN PEMERINTAH DESA DALAM PENGELOLAAN DANA DESA MELALUI BADAN USAHA MILIK DESA,AGUS SOLEH,https://pta.trunojoyo.ac.id/welcome/detail/130111100340
"Efisiensi merupakan salah satu masalah vital bagi perusahaan, termasuk Toko Material Cahaya Abadi. Salah satu proses bisnis yang dapat ditingkatkan efisiensinya ialah pada proses transaksi. Peningkatan efisiensi di dalam proses transaksi dapat dilakukan dengan menerapkan sistem Point Of Sale (POS). Sistem POS adalah sistem yang terdiri dari hardware dan software yang didesain sesuai dengan kebutuhan pengguna. Dengan berbagai alat pendukung agar dapat mempercepat proses transaksi. Agar proses perancangan sistem POS ini dapat terstruktur dengan baik maka perlu diterapkan sebuah metodologi yang sesuai dengan kondisi studi kasus. Metode Waterfall Model digunakan karena dianggap sesuai dengan kondisi studi kasus. Waterfall Model digunakan dalam mengembangkan sistem POS karena tahapan pengerjaannya perlu dilakukan secara berurutan, sehingga peneliti dapat bekerja dengan lebih mudah dan terstruktur dalam mengembangkan software. Codeigniter juga digunakan sebagai framework PHP dalam pengembangan sistem POS ini. Penerapan sistem POS di lingkungan Toko Material Cahaya Abadi mampu memberikan dampak signifikan dalam pencatatan transaksi perusahaan sehingga mampu meningkatkan efisiensi dalam proses transaksi seperti yang yang diinginkan perusahaan. Peningkatan efisiensi ini terlihat dari hasil perhitungan kepuasan pengguna menggunakan metode perhitungan dengan Skala Likert. berdasarkan Skala Likert diketahui bahwa nilai kepuasan pengguna terhadap Sistem POS sebesar 302 yang menunjukkan bahwa pengguna sangat puas terhadap kinerja Sistem POS. Selain itu, dengan menggunakan Sistem POS proses transaksi menjadi semakin cepat dan perusahaan mampu menghemat sumber daya untuk kebutuhan proses transaksi dan pencatatan transaksi.",RANCANG BANGUN APLIKASI POINT OF SALE (POS) PADA TOKO MATERIAL CAHAYA ABADI SURABAYA,DICHY PERMANA AJI,https://pta.trunojoyo.ac.id/welcome/detail/120411100086
"Penelitian ini bertujuan untuk mengetahui: pengaruh partisipasi penyusunan anggaran dan motivasi terhadap kinerja manajerial, serta menguji dan menganalisis job relevant information dan komitmen organisasi dalam memoderasi hubungan antara partisipasi penyusunan anggaran dan motivasi terhadap kinerja manajerial. Populasi yang digunakan dalam penelitian ini adalah seluruh pihak yang terlibat dalam penyusunan anggaran di 41 SKPD Kabupaten Bangkalan dengan teknik penambilan sampel menggunakan purposive sampling sehingga didapat 279 pegawai dijadikan sampel. Teknik analisa menggunakan Moderated Regression Analysis (MRA). Hasil pengujian yang telah dilakukan memperlihatkan; 1) partisipasi penyusunan anggaran berpengaruh positif signifikan terhadap kinerja manajerial dengan tingkat signifikan yang dihasilkan  sebesar 0,013 dibawah 0,05 (5%) dan koefisien regresi bersifat positif sebesar 0,106, 2) motivasi berpengaruh positif signifikan terhadap kinerja manajerial dengan tingkat signifikan yang dihasilkan  sebesar 0,000 dibawah 0,05 (5%) dan koefisien regresi bersifat positif sebesar 0,236, 3) job relevant information tidak mampu berperan sebagai variabel yang dapat memoderasi hubungan antara partisipasi anggaran dan motivasi terhadap kinerja manajerial. Hasil ini diperlihatkan dengan tingkat signifikan yang dihasilkan  sebesar 0,203 di atas 0,05 (5%), 4) komitmen organisasi tidak mampu berperan sebagai variabel yang dapat memoderasi hubungan antara partisipasi anggaran  dan motivasi terhadap kinerja manajerial. Hasil ini diperlihatkan dengan tingkat signifikan yang dihasilkan  sebesar 0,114 diatas 0,05 (5%).

Kata Kunci : Partispasi Penyusunan Anggaran, Motivasi, Job Relevant Information, Komitmen Organisasi dan Kinerja Manajerial.   
",PENGARUH PARTISIPASI PENYUSUNAN ANGGARAN DAN MOTIVASI TERHADAP KINERJA MANAJERIAL DENGAN JOB RELEVANT INFORMATION DAN KOMITMEN ORGANISASI SEBAGAI VARIABEL MODERATING,Mochammad Yusron,https://pta.trunojoyo.ac.id/welcome/detail/130221100109
"Pasal 35 Ayat (1) Undang – undang No 24 Tahun 2003 tentang Mahkamah Konstitusi berbunyi Pemohon dapat menarik kembali permohonan sebelum atau selama pemeriksaan Mahkamah Konstitusi dilakukan. Pasal tersebut diatas dengan tegas menyebutkan bahwa Pemohon mempunyai hak untuk mencabut Permohonannnya. Akan tetapi pada perkara No : 02-11-08-16/PHPU.DPR-DPRD/XII/2014) Mahkamah Konstitusi dalam putusannya tetap memasukkan perkara aquo dalam putusannya, walapupun terdapat adanya pencabutan Permohonan Pemohon yang terdaftar dalam register kepaniteraan Mahkamah Konstitusi. Setelah adanya pencabutan maka tidak ada lagi persidangan selanjutnya terkait sengketa perselisihan hasil pemilihan umum Anggota DPRD Kabupaten Sumenep dapil 5 antara Partai Amanat Nasional (PAN) selaku Pemohon dengan KPU selaku Termohon. Bahkan MK mengabulkan permohonan pemohon untuk seluruhnya. Mengingat sifat putusan Mahkamah Konstitusi adalah Final dan Mengikat. Oleh karena itu perlu dilakukan kajian bagaimana kedudukan hukum putusan MK yang melanggar hukum acara serta apakah ada perlindungan hukum terhaddap putusan tersebut bagi pihak yang dirugikan? Dari penelitian hukum normatif yang dilakukan dengan metode pendekatan perundang – undangan dan pendekatan konseptual, bahwa Putusan tersebut adalah cacat hukum sehingga putusan tersebut batal demi hukum. Perlindungan hukum terhadap pihak yang dirugikan atas putusan tersebut adalah Constitutional Complaint atau pengaduan konstitusional.",CONSTITUTIONAL COMPLAINT SEBAGAI PERLINDUNGAN HUKUM TERHADAP PUTUSAN MAHKAMAH KONSTITUSI YANG MELANGGAR HUKUM ACARA (TINJAUAN KASUS PUTUSAN NO : 02-11-08-16/PHPU.DPR-DPRD/XII/2014),"ZAINAL ARIFIN, SH",https://pta.trunojoyo.ac.id/welcome/detail/140121100024
